{
    "accuracy": 0.6877565805361023,
    "precision": 0.684269348980162,
    "recall": 0.9375957120980092,
    "auc": 0.6696020880636435
}